{
	"en":
	{
		"system":"System",
		"systeminformation":"System Information",
		"version":"Version",
		"uptime":"Uptime",
		"ip":"IP",
		"time":"Time",
		"temperature":"Temperature",
		"systemload":"System Load",
		"memory":"Memory",
		"storage":"Storage",
		"backupandrestore":"Backup & Restore",
		"backupnow":"Backup Now",
		"restore":"Restore",
		"restorefromfile":"Restore From File",
		"choosefile":"Choose File",
		"restorenow":"Restore Now",
		"updates":"Updates",
		"systemupdate":"System Update",
		"updatefromfile":"Update From File",
		"updatenow":"Update Now",
		"systemconfigurations":"System Configurations",
		"opendoordelay":"Open Door Delay",
		"dashboard":"Dashboard",
		"menuname":"Menu Name",
		"cat":"Category",
		"groupname":"Group Name",
		"building":"Building",
		"name":"Name",
		"logo":"Logo",
		"backgroundimage":"Background Image",
		"description":"Description",
		"greetings":"Greetings",
		"currencyid":"Currency",
		"currency":"Currency",
		"numbeofroom":"Number of rooms",
		"filter":"Filter",
		"addnew":"Add New",
		"excel":"Excel",
		"deleteselected":"Delete Selected",
		"dashboardmenu":"Dashboard Menu",
		"usergroup":"User Group",
		"useraccount":"User Account",
		"firstname":"First Name",
		"lastname":"Last Name",
		"username":"Username",
		"active":"Active",
		"superadmin":"Super Admin",
		"remoteaccess":"Remote Access",
		"roomname":"Room Name",
		"defaultwifivoucher":"Default Wifi Voucher",
		"biometricip":"Biometric IP",
		"donotdisturbip":"Do Not Disturb IP",
		"roomnumber":"Room Number",
		"room":"Room",
		"genre":"Genre",
		"image":"Image",
		"displayorder":"Display Order",
		"movie":"Movie",
		"title":"Title",
		"Plot":"Plot",
		"year":"Year",
		"rating":"Rating",
		"runtime":"Runtime",
		"price":"Price",
		"browsemovie":"Browse Movie",
		"browsetrailer":"Browse Trailer",
		"browsesubtitle":"Browse Subtitle",
		"middlename":"Middle Name",
		"screenname":"Screen Name",
		"url":"URL",
		"extras":"Extra",
		"actor":"Actor",
		"director":"Director",
		"transaction":"Transaction",
		"customerinformation":"Customer Information",
		"wifivoucher":"Wifi Voucher",
		"tooltip":"Tool Tip",
		"series":"Series",
		"vattype":"Vat Type",
		"season":"Season",
		"number":"Number",
		"menucategory":"Menu Category",
		"isdisplayed":"Is Displayed",
		"onchangeitempriority":"On Change Item Priority",
		"menuitem":"Menu Item",
		"kitchenlocation":"Kitchen Location",
		"code":"Code",
		"spicylevel":"Spicy Level",
		"spa":"Spa",
		"housekeeping":"Housekeeping",
		"noavailablehousekeeping":"No Available Housekeeping",
		"servicename":"Service Name",
		"chauffeur":"Chauffeur",
		"chauffeurcategory":"Chauffeur Category",
		"type":"Type",
		"transmission":"Transmission",
		"engine":"Engine",
		"city":"City",
		"new":"New",
		"save":"Save",
		"saveandaddanother":"Save and Add Another",
		"saveandcontinue":"Save and Continue",
		"changepassword":"Change Password",
		"logout":"Logout",
		"email":"Email",
		"lastlogin":"Last Login",
		"savechanges":"Save Changes",
		"oldpassword":"Old Password",
		"newpassword":"New Password",
		"confirmpassword":"Confirm Password",
		"applychanges":"Apply Changes",
		"close":"Close",
		"profile":"Profile",
		"history":"History",
		"browse":"Browse",
		"onewaytrip":"One Way Trip",
		"roundtrip":"Round Trip",
		"hotelname":"Hotel Name",
		"nameofcurrency":"Name of Currency",
		"symbolofcurrency":"Symbol of Currency",
		"welcometo":"Welcome to",
		"dear":"Dear",
		"welcometoyour":"Welcome to your",
		"haveagreatdaymessage":"Have a great day and enjoy the rest of your stay at",
		"pendingcharges":"Pending Charges",
		"localweather":"Local Weather",
		"localdate":"Local Date & Time",
		"runningbill":"Running Bill",
		"guestprofile":"Guest Profile",
		"help":"Help",
		"yourdigitalconcierge":"Your Digital Concierge",
		"goodday":"Good Day",
		"home":"Home",
		"menu":"Menu",
		"movies":"Movies",
		"moviecategories":"Movie Categories",
		"availedmovies":"My Movies",
		"noavailedmovies":"No Purchased Movies",
		"watchnow":"Watch Now",
		"trailer":"Trailer",
		"usearrow":"Use remote arrows to navigate.",
		"wouldyoulike":"Would you like to watch this movie?",
		"purchase":"Purchase",
		"cancel":"Cancel",
		"loading":"Loading",
		"premium":"Premium",
		"owned":"Owned",
		"movietitle":"Movie Title",
		"dismiss":"Dismiss",
		"watchforfree":"Watch For Free",
		"lockunlockmaindoor":"Unlock/Lock Main Door",
		"lock":"Lock",
		"unlock":"Unlock",
		"unlockmessage":"Your main door is unlocked.",
		"lockmessage":"Your main door is locked.",
		"donotdisturb":"Do Not Disturb",
		"yourwifivoucher":"Your WIFI Voucher",
		"on":"On",
		"off":"Off",
		"roomservice":"Room Service",
		"mealcategories" : "Meal Categories",
		"allergyfilter":"Allergies",
		"mealcart":"Meal Cart",
		"status":"Status",
		"meal":"Meal",
		"quantity":"Quantity",
		"totalitem":"Total Item",
		"subtotal":"Sub Total",
		"vat":"VAT",
		"grandtotal":"Grand Total",
		"sendorder":"Send Order",
		"clearorder":"Clear Order",
		"spicylevelfilter":"Spicy Level",
		"hi":"Hi Guest",
		"spicymessage":"We will be displaying items depending on the selected spicy level from the list below.",
		"all":"All",
		"extraspicy":"Extra Spicy",
		"spicy":"Spicy",
		"mildspicy":"Mild Spicy",
		"notspicy":"Not Spicy",
		"ok":"Ok",
		"editquantity":"Edit Quantity",
		"upsizeclickmessage":"Click on the items below to upsize your",
		"back":"Back",
		"nodontupsize":"No, Don't Upsize",
		"switchbundled":"Switch To Bundled Meal",
		"bundledmessage":"is best partnered with the listed item, click each item to add/remove them to your order list.",
		"allergymessage":"Menus which might trigger your allergy will not be displayed based on the selected allergen/ingredient.",
		"nojustproceed":"No, Just Proceed",
		"ordercomponent":"Order Component",
		"chooseyour":"Choose Your",
		"removeorder":"Remove Order",
		"pleasereview":"please review your order.",
		"proceed":"Proceed",
		"selectorder":"Select Order",
		"clearordermessage":"Are you sure you want to clear your order/s?",
		"no":"No",
		"yes":"Yes",
		"done":"Done",
		"removeordermessage":"Are you sure you want to remove this order?",
		"upsell":"Upsell",
		"tvseries":"TV Series",
		"seriescategories":"Series Categories",
		"availedseries":"My Series",
		"noavailedseries":"No Purchased Series",
		"seriestitle":"Series Title",
		"confirmwatchseries":"Would you like to watch this TV Series?",
		"youcanenjoy":"You can now enjoy and watch all season of",
		"continue":"Continue",
		"wakeupcall":"Wakeup Call",
		"wakeupcalllist":"Wakeup Call List",
		"pressentertoedit":"Press enter to edit/delete",
		"setwakeuptime":"Set Wakeup Time",
		"hour":"Hour",
		"hours":"Hours",
		"minute":"Minute",
		"minutes":"Minutes",
		"month":"Month",
		"day":"Day",
		"days":"Days",
		"reset":"Reset",
		"confirmwakeupsave":"Save Wakeup Call?",
		"wakeupcallsaved":"Wakeup Call Saved",
		"sucesswakeupmessage" : "Our hotel staff will call you on",
		"removewakeupcallmessage":"REMOVE WAKE UP CALL?",
		"remove":"Remove",
		"edit":"Edit",
		"ambiance":"Ambiance",
		"viewbill":"View Bill",
		"amount":"Amount",
		"datepurchased":"Date Purchased",
		"destination":"Destination",
		"traveloption":"Travel Option",
		"dateavailed":"Date Purchased",
		"clock":"Clock",
		"noavailablecountry":"No Available Country",
		"servicecategories":"Service Categories",
		"availedservices":"My Services",
		"noavailedservices":"No Acquired Services",
		"service":"Service",
		"confirmavailservice":"Are you sure you want to purchase this service?",
		"shallbeaddedtobill":"This shall be added to your bill.",
		"confirm":"Confirm",
		"thankyou":"Thank You",
		"servicesuccessmessage":"Our hotel staff will arrive shortly.",
		"vehiclecategories":"Vehicle Categories",
		"availedvehicles":"My Vehicles",
		"vehicletype":"Vehicle Type",
		"seater":"Seater",
		"select":"Select",
		"pickdestination":"Pick Your Destination",
		"wheredoyouwanttogo":"Where do you want to go?",
		"chauffeurifnoneoftheabove":"For inquiries, please contact guest services.",
		"traveltype":"Travel Type",
		"noavailedvehicle":"No Rented Vehicle",
		"noavailable":"No Available",
		"noavailablevehiclecategory":"No Available Category",
		"noavailablevehicle":"No Available Vehicle",
		"noavailablecity":"No Available City",
		"noavailabledestination":"No Available Destination",
		"spaservice":"Spa Service",
		"noavailablespa":"No Available Spa",
		"spacategories":"Spa Categories",
		"availedspaservice":"My Spa Service",
		"noavailedspa":"No Acquired Spa Service",
		"availedpromotions":"My Special Offer",
		"noavailedspecialoffer":"No Acquired Special Offer",
		"noavailablespecialoffer":"No Available Special Offer",
		"specialoffer":"Special Offer",
		"about":"About",
		"mainmenu":"Main Menu",
		"finish":"Finish",
		"vehicle":"Vehicle",
		"summary":"Summary",
		"chauffeursuccessmessage":"Your transaction has been placed",
		"traveltypemessage":"Which travel option do you prefer?",
		"thankyoumessage":"Thank you for obtaining our limited time offer.",
		"relaycontroller":"Relay Controller",
		"allswitch":"All Switch",
		"devicename":"Device Name",
		"onoff":"On/Off",
		"schedule":"Schedule",
		"addschedule":"Add New",
		"editschedule":"Edit Schedule",
		"setdate":"Set Date",
		"ampm":"Am/Pm",
		"removeschedule":"Remove Schedule",
		"relaysucesssavemessage":"Schedule saved successfully",
		"chat":"Chat",
		"selectpreferredlanguage":"Select Your Preferred Language",
		"selectlanguage":"Select Language",
		"typeamessage":"Type a message...",
		"send":"Send",
		"conversation":"Conversation",
        "language":"Language",
        "unreadclient":"Unread Client",
        "unreadadmin":"Unread Admin",
        "conversationmessage":"Conversation Message",
        "message":"Message",
        "user":"User",
        "capacity":"Capacity",
        "chauffeurprice":"Chauffeur Price",
        "cityplace":"City Place",
        "onewaytripprice":"One-way Trip Price",
        "roundtripprice":"Round Trip Price",
        "chauffeurtransactionline":"Chauffeur Transaction Line",
        "chauffeurtransactionprice":"Chauffeur Transaction Price",
        "traveltime":"Travel Time",
        "distance":"Distance",
        "country":"Country",
        "timezone":"Time Zone",
        "default":"Default",
        "extra":"Extra",
        "video":"Video",
        "episode":"Episode",
        "browseseries":"Browse Series",
        "seriesmediaserver":"Series Media Server",
        "releasedate":"Release Date",
        "filmrating":"Film Rating",
        "mediadir":"Media DIR",
        "drive":"Drive",
        "port":"Port",
        "mediaformat":"Media Format",
        "format":"Format",
        "mediaserver":"Media Server",
        "filebrowseapi":"File Browse API",
        "isactive":"Is Active",
        "plot":"Plot",
        "movietransactionline":"Movie Transaction Line",
        "seriestransactionline":"Series Transaction Line",
        "housekeepingtransactionline":"Housekeeping Transaction Line",
        "icon":"Icon",
        "action":"Action",
        "position":"Position",
        "excludemobile":"Exclude Mobile",
        "excludetv":"Exclude TV",
        "notification":"Notification",
        "notificationtype":"Notification Type",
        "acknowledged":"Acknowledged",
        "promo":"Promo",
        "relay":"Relay",
        "relaybrand":"Relay Brand",
        "relayschedule":"Relay Schedule",
        "relaypin":"Relay Pin",
        "datetime":"Date Time",
        "state":"State",
        "relaydevice":"Relay Device",
        "relaydevicecategory":"Relay Device Category",
        "relaydevicelocation":"Relay Device Location",
        "pin":"Port Number",
        "location":"Location",
        "spatransactionline":"Spa Transaction Line",
        "specialofferimage":"Special Offer Image",
        "specialoffertransaction":"Special Offer Transaction",
        "numberofroom":"Number Of Room",
        "symbol":"Symbol",
        "device":"Device",
        "devicetype":"Device Type",
        "size":"Size",
        "order":"Order",
        "isdefault":"Is Default",
        "advertisement":"Advertisement",
        "suggested":"Suggested",
        "menuitemsize":"Menu Item Size",
        "menuitemcomponent":"Menu Item Component",
        "component":"Component",
        "canchange":"Can Change",
        "canupsize":"Can Upsize",
        "menuitemingredient":"Menu Item Ingredient",
        "ingredient":"Ingredient",
        "isrequired":"Is Required",
        "menuitemtimedordering":"Menu Item Timed Ordering",
        "fromtime":"From Time",
        "totime":"To Time",
        "menuiteminventory":"Menu Item Inventory",
        "inventoryitem":"Inventory Item",
        "unitofmeasure":"Unit Of Measure",
        "menuitemspecialrequest":"Menu Item Special Request",
        "exclusive":"Exclusive",
        "optional":"Optional",
        "translate":"Translate",
        "text":"Text",
        "allergy":"Allergy",
        "createtime":"Create Time",
        "ordertype":"Order Type",
        "ordersource":"Order Source",
        "total":"Total",
        "change":"Change",
        "headcount":"Dead Count",
        "seniorcount":"Senior Count",
        "isservicechargevated":"Is Service Charge VATed",
        "paid":"Paid",
        "totalseniordiscount":"Total Senior Discount",
        "totalpwddiscount":"Total PWD Discount",
        "totalregulardiscount":"Total Regular Discount",
        "billouttime":"Bill Out Time",
        "overallsubtotal":"Overall Sub Total",
        "expirationdate":"Expiration Date",
        "relatedorder":"Related Order",
        "vatexcepmtsc":"VAT Exempted Service Charge",
        "scnetsales":"Service Charge Net Sales",
        "regularsales":"Regular Sales",
        "deductiondueto":"Deduction Due To",
        "deliverycharge":"Delivery Charge",
        "orderitem":"Order Item",
        "unitprice":"Unit Price",
        "addonprice":"Add-on Price",
        "remarks":"Remarks",
        "specialrequest":"Special Request",
        "ordertime":"Order Time",
        "servedtime":"Served Time",
        "preparedtime":"Prepared Time",
        "orderitemcomponent":"Order Item Component",
        "additionalprice":"Additional Price",
        "orderitemcomponentallergies":"Order Item Component Allergies",
        "categories":"Categories",
        "availeditems":"My Items",
        "item":"Item",
		"ordersuccessmessage":"Order Successful.",
		"avail":"Purchase",
		"store":"Store",
		"notransaction":"No Transaction",
		"selectdestination":"Select Destination",
		"selecthourlyrate":"Select Hourly Rate",
		"choosehourlyrate":"Select Number of Hours",
		"howlong":"For how long will you rent the vehicle?",
		"noofhours":"No. Of Hours",
		"details":"Details",
		"noavailablecopy":"No Available Copy",
		"internalerror":"Internal Error Occured",
		"onceyouorder":"Once you confirmed, your order/s cannot be changed nor refunded. Would you like to place your order/s now?",
		"invoice":"Invoice",
		"maindetails":"Main Details",
		"guestname":"Guest Name",
		"package":"Package",
		"totalbill":"Total Bill",
		"billbreakdown":"Bill Breakdown",
		"notifications":"Notifications",
		"callservice":"Call Service",
		"requestcall":"Request Call",
		"requestinroomservice":"Request In-room Service",
		"requestcallresponse":"One of our guest services staff will call you in a moment.",
		"requestinroomserviceresponse":"One of our guest services staff will be arrive in a moment.",
		"checkout":"Check Out",
		"checkoutmessage":"Are you sure you want to check out?",
		"extendstay":"EXTEND STAY",
		"daysand":"Day(s) and",
		"timeremaining":"TIME REMAINING",
		"howmanyhoursdoyouwantoextend":"How many hour/s do you want to extend?",
		"extendstayrequestwasacceptedthankyou":"Extend Stay Request was accepted.Thank you",
		"sorryextendstayrequestwasrejected":"Sorry Extend Stay Request was rejected",
		"wasacceptedthankyou":"was accepted.Thank you",
		"Sorry":"sorry",
		"personneliscurrentlynotavailable":"personnel is currently not available",
		"invalidnotifid":"Invalid notif id",
		"accepted":"accepted",
		"rejected":"rejected",
		"areyousureyyouwanttocheckout":"Are you sure you want to check out",
		"next":"next",
		"Step":"Step",
		"of":"of",	
		"setupwizard":"SET UP WIZARD",
		"hotelsetupwizard":"HOTEL SET UP WIZARD",
		"hotelsetup":"Hotel Setup",
		"setupyourdigiButlerinjustafewminutes":"Set up your DigiButler in just a few minutes",
		"hotellogo":"Hotel Logo",
		"hotelbackgroundimage":"Hotel Background Image",
		"roompackagesetupwizard":"ROOM PACKAGE SET UP WIZARD",
		"packagename":"Package Name",
		"mealsetupwizard":"MEAL SETUP WIZARD",
		"appetizers":"Appetizers",	
		"cocktails":"cocktails",	
		"breakfast&snack":"breakfast & snack",
		"champagne":"champagne",	
		"entree":"entree",	
		"coffee":"coffee",	
		"sandwiches":"sandwiches",
		"whiskeys":"whiskeys",	
		"salads":"salads",	
		"hottea":"hot tea",	
		"wines":"wines",
		"beer":"beer",	
		"noodlesandrice":"noodles and rice",	
		"juices":"juices",	
		"rum":"rum",
		"incanrefreshments":"in can refreshments",	
		"Desserts":"Desserts",	
		"smoothies":"smoothies",	
		"vodka":"vodka",
		"cognacandbrandy":"cognac and brandy",
		"mealname":"Meal Name",
		"mealdescriptionoptional":"Meal Description (Optional)",
		"mealprice":"Meal Price",
		"mealimageoptional":"Meal Image (Optional)",
		"mealcategory":"Meal Category",
		"skip":"SKIP",
		"housekeepingsetupwizard":"HOUSEKEEPING SETUP WIZARD",
		"housekeepingsetup": "Housekeeping Set up",
		"cleanroom":"Clean Room",
		"laundrypickup":"Laundry Pickup",
		"ironing":"Ironing",
		"turndownservice" :"Turndown Service",
		"afterswimming":"After Swimming",
		"traypickup":"Tray Pickup",
		"spasetupwizard":"SPA SETUP WIZARD",
		"spaservicesetup":"Spa Service Setup",
		"spaservicename":"Spa Service Name",
		"spaimageoptional":"Spa Image (Optional)",
		"chauffeursetupwizard":"CHAUFFEUR SETUP WIZARD",
		"chauffeursetup":"Chauffeur Setup",
		"chauffeurcategories":"Chauffeur Categories",
		"midsizeeconomy":"Mid-size Economy",
		"fullsizeeconomy":"Full-size Economy",
		"Midsizeluxury":"Mid-size Luxury",
		"Luxury":"Luxury",
		"vehiclename":"Vehicle Name",
		"chauffeurimageoptional":"Chauffeur Image (Optional)",
		"specialofferssetupwizard":"SPECIAL OFFERS SETUP WIZARD",
		"specialofferssetup":"Special Offers Setup",
		"offername":"Offer Name",
		"offerbannerimage":"Offer Banner Image",
		"shopsetupwizard":"SHOP SETUP WIZARD",
		"shopsetup":"Shop Setup",
		"storename":"Store Name",
		"storeimage":"Store Image",
		"insertthreecategories":"Insert 3 Categories",
		"firstcategory":"1st Category",
		"firstcategoryimage":"1st Category Image",
		"secondcategory":"2nd Category",
		"secondcategoryimage":"2nd Category Image",
		"thirdcategory":"3rd Category",
		"thirdcategoryimage":"3rd Category Image",
		"itemnameone":"Item Name 1",
		"itemprice":"Item Price",
		"shopcategory":"Shop Category",
		"itemimageone":"Item Image 1",
		"moviesetupwizard":"MOVIE SETUP WIZARD",
		"royaltyfreemovies":"Royalty Free Movies",
		"seriessetupwizard":"SERIES SETUP WIZARD",
		"royaltyfreeseries":"Royalty Free series"
		
	},
	"th":
	{
		"system":"ระบบ",
		"systeminformation":"ข้อมูลระบบ",
		"version":"รุ่น",
		"uptime":"เวลาขึ้น",	
		"ip":"ที่อยู่",
		"time":"เวลา",
		"temperature":"อุณหภูมิ",
		"systemload":"โหลดระบบ",
		"memory":"หน่วยความจำ",
		"storage":"การเก็บรักษา",
		"backupandrestore":"สำรองข้อมูลและคืนค่า",
		"backupnow":"การสำรองข้อมูลในขณะนี้",
		"restore":"ฟื้นฟู",
		"restorefromfile":"เรียกคืนจากแฟ้ม",
		"choosefile":"เลือกจากไฟล์",
		"restorenow":"ฟื้นฟู",
		"updates":"อัพเดท",
		"systemupdate":"การอัปเดตระบบ",
		"updatefromfile":"อัปเดตจากไฟล์",
		"updatenow":"อัปเดตเดี๋ยวนี้",
		"systemconfigurations":"การกำหนดค่าระบบ",
		"opendoordelay":"เปิดประตู",
		"dashboard":"แผงควบคุม",
		"menuname":"ชื่อเมนู",
		"icon":"ไอคอน",
		"cat":"ประเภท",
		"groupname":"ชื่อกลุ่ม",
		"building":"อาคาร",
		"name":"ชื่อ",
		"logo":"เครื่องหมาย",
		"backgroundimage":"ภาพพื้นหลัง",
		"description":"ลักษณะ",
		"greetings":"ทักทาย",
		"currencyid":"เงินตรา",
		"currency":"เงินตรา",
		"numberofroom":"ำนวนห้องพัก",
		"filter":"กรอง",
		"addnew":"เพิ่มใหม่",
		"excel":"สันทัด",
		"deleteselected":"ลบที่เลือก",
		"dashboardmenu":"หน้าแดชบอร์ด",
		"usergroup":"กลุ่มผู้ใช้",
		"useraccount":"บัญชีผู้ใช้",
		"firstname":"ชื่อจริง",
		"lastname":"นามสกุล",
		"username":"ชื่อผู้ใช้",
		"active":"คล่องแคล่ว",
		"superadmin":"ผู้ดูแลระบบขั้นสูง",
		"remoteaccess":"การเข้าถึงระยะไกล",
		"roomname":"ชื่อห้อง",
		"defaultwifivoucher":"รหัสผ่าน",
		"biometricip":"ไบโอเมตริกซ์",
		"donotdisturbip":"ห้ามรบกวน",
		"roomnumber":"หมายเลขห้อง",
		"room":"ห้อง",
		"genre":"ประเภท",
		"image":"ภาพ",
		"displayorder":"แสดงคำสั่งซื้อ",
		"movie":"หนัง",
		"title":"หัวข้อ",
		"plot":"พล็อต",
		"year":"ปี",
		"rating":"อันดับ",
		"runtime":"runtime",
		"price":"ราคา",
		"browsemovie":"เรียกดูภาพยนตร์",
		"browsetrailer":"เรียกดูตัวอย่าง",
		"browsesubtitle":"เรียกดูคำบรรยาย",
		"middlename":"ชื่อกลาง",
		"screenname":"ชื่อหน้าจอ",
		"url":"เส้นทาง",
		"extras":"พิเศษ",
		"actor":"นักแสดงชาย",
		"director":"ผู้อำนวยการ",
		"transaction":"การซื้อขาย",
		"customerinformation":"ข้อมูลลูกค้า",
		"wifivoucher":"คูปอง",
		"tooltip":"เคล็ดลับ",
		"series":"ชุด",
		"vattype":"Vat Type",
		"season":"ฤดู",
		"number":"จำนวน",
		"menucategory":"ประเภทเมนู",
		"isdisplayed":"แสดงขึ้น",
		"onchangeitempriority":"เกี่ยวกับลำดับความสำคัญของรายการการเปลี่ยนแปลง",
		"menuitem":"รายการเมนู",
		"kitchenlocation":"ครัวที่ตั้ง",
		"code":"รหัส",
		"spicylevel":"ระดับเผ็ด",
		"spa":"สปา",
		"housekeeping":"การเรียน",
		"noavailablehousekeeping":"ไม่มีบริการทำความสะอาด",
		"servicename":"ชื่อบริการ",
		"chauffeur":"คนขับรถ",
		"chauffeurcategory":"คนขับรถ",
		"type":"ชนิด",
		"transmission":"การส่งผ่าน",
		"engine":"เครื่องยนต์",
		"city":"เมือง",
		"new":"ใหม่",
		"save":"บันทึก",
		"saveandaddanother":"บันทึกและเพิ่มอีก",
		"saveandcontinue":"บันทึกและดำเนินการต่อ",
		"changepassword":"เปลี่ยนรหัสผ่าน",
		"logout":"ออกจากระบบ",
		"email":"อีเมล์",
		"lastlogin":"เข้าสู่ระบบครั้งล่าสุด",
		"savechanges":"บันทึกการเปลี่ยนแปลง",
		"oldpassword":"รหัสผ่านเก่า",
		"newpassword":"รหัสผ่านใหม่",
		"confirmpassword":"ยืนยันรหัสผ่าน",
		"applychanges":"ใช้การเปลี่ยนแปลง",
		"close":"ปิด",
		"profile":"ข้อมูลส่วนตัว",
		"history":"ประวัติศาสตร์",
		"browse":"หมวด",
		"onewaytrip":"เที่ยวเดียว",
		"roundtrip":"ไป - กลับ",
		"hotelname":"ชื่อโรงแรม",
		"nameofcurrency":"ชื่อสกุลเงิน",
		"symbolofcurrency":"สัญลักษณ์ของสกุลเงิน",
		"welcometo":"ยินดีต้อนรับสู่",
		"dear":"ที่รัก",
		"welcometoyour":"ยินดีต้อนรับสู่",
		"haveagreatdaymessage":"มีวันที่ดีและสนุกกับการพักผ่อนที่เหลืออยู่",
		"pendingcharges":"การเรียกเก็บเงินที่รอดำเนินการ",
		"localweather":"สภาพอากาศในท้องถิ่น",
		"localdate":"วันที่และเวลาท้องถิ่น",
		"runningbill":"วิ่งบิล",
		"guestprofile":"โปรไฟล์ผู้เยี่ยมชม",
		"help":"ช่วยด้วย",
		"yourdigitalconcierge":"ผู้ช่วยส่วนตัวดิจิตอลของคุณ",
		"goodday":"ขอให้เป็นวันที่ดี",
		"home":"บ้าน",
		"menu":"เมนู",
		"movies":"ภาพยนตร์",
		"moviecategories":"หมวดหมู่ภาพยนตร์",
		"availedmovies":"ภาพยนตร์ของฉัน",
		"noavailedmovies":"ไม่มีภาพยนตร์ที่มีจำหน่าย",
		"watchnow":"ดูตอนนี้",
		"trailer":"รถพ่วง",
		"usearrow":"ใช้ลูกศรระยะไกลเพื่อนำทาง",
		"wouldyoulike":"คุณต้องการดูหนังเรื่องนี้หรือไม่?",
		"purchase":"ซื้อ",
		"cancel":"ยกเลิก",
		"loading":"กำลังโหลด",
		"premium":"เบี้ยประกันภัย",
		"owned":"เป็นเจ้าของ",
		"movietitle":"ชื่อหนัง",
		"dismiss":"ยกเลิก",
		"watchforfree":"ดูฟรี",
		"lockunlockmaindoor":"ปลดล็อคประตูหลัก",
		"lock":"ล็อค",
		"unlock":"ปลดล็อค",
		"unlockmessage":"ประตูหลักของคุณถูกปลดล็อก",
		"lockmessage":"ประตูหลักของคุณถูกล็อค",
		"donotdisturb":"ห้ามรบกวน",
		"yourwifivoucher":"บัตรกำนัล WIFI ของคุณ",
		"on":"On",
		"off":"Off",
		"roomservice":"รูมเซอร์วิส",
		"mealcategories" : "ประเภทอาหาร",
		"allergyfilter":"ตัวกรองภูมิแพ้",
		"mealcart":"รถเข็นอาหาร",
		"status":"สถานะ",
		"meal":"อาหาร",
		"quantity":"ปริมาณ",
		"totalitem":"รวมรายการ",
		"subtotal":"รวมย่อย",
		"vat":"ภาษี",
		"grandtotal":"ผลรวมทั้งสิ้น",
		"sendorder":"ส่งคำสั่งซื้อ",
		"clearorder":"ล้างคำสั่งซื้อ",
		"spicylevelfilter":"ตัวกรองระดับรสเผ็ด",
		"hi":"สวัสดี",
		"spicymessage":"เราจะแสดงรายการขึ้นอยู่กับระดับเผ็ดที่เลือกจากรายการด้านล่าง",
		"all":"ทั้งหมด",
		"extraspicy":"เผ็ดมาก",
		"spicy":"รสจัด",
		"mildspicy":"อ่อนเผ็ด",
		"notspicy":"ไม่เผ็ด",
		"ok":"ตกลง",
		"editquantity":"แก้ไขจำนวน",
		"upsizeclickmessage":"คลิกที่รายการด้านล่างเพื่อเพิ่มขนาดของคุณ",
		"back":"กลับ",
		"nodontupsize":"ไม่ไม่ต้องเพิ่มขนาด",
		"switchbundled":"เปลี่ยนเป็นมื้อที่แถมไว้",
		"bundledmessage":"เป็นพันธมิตรที่ดีที่สุดกับรายการจดทะเบียนคลิกแต่ละรายการเพื่อเพิ่ม / ลบรายการสั่งซื้อของคุณ",
		"allergymessage":"เมนูที่อาจก่อให้เกิดโรคภูมิแพ้ของคุณจะไม่ปรากฏขึ้นบนพื้นฐานของสารก่อภูมิแพ้ / ส่วนผสมที่เลือก",
		"nojustproceed":"ไม่เพียงดำเนินการต่อ",
		"ordercomponent":"คอมโพเนนต์การสั่งซื้อ",
		"chooseyour":"เลือกของคุณ",
		"removeorder":"ลบคำสั่งซื้อ",
		"pleasereview":"โปรดตรวจสอบคำสั่งซื้อของคุณ",
		"proceed":"ดำเนิน",
		"selectorder":"เลือกคำสั่งซื้อ",
		"clearordermessage":"คุณแน่ใจหรือไม่ว่าต้องการยกเลิกคำสั่งซื้อ",
		"no":"ไม่",
		"yes":"ใช่",
		"done":"เสร็จสิ้น",
		"removeordermessage":"คุณแน่ใจหรือไม่ว่าต้องการนำคำสั่งซื้อนี้ออก",
		"upsell":"เพิ่มยอดขาย",
		"tvseries":"ละครโทรทัศน์",
		"seriescategories":"หมวดหมู่หมวดหมู่",
		"availedseries":"ชุดของฉัน",
		"noavailedseries":"ไม่มีซีรีส์ที่ซื้อ",
		"seriestitle":"ชื่อซีรี่ส์",
		"confirmwatchseries":"คุณต้องการดูซีรี่ส์ทีวีนี้หรือไม่?",
		"youcanenjoy":"ขณะนี้คุณสามารถเพลิดเพลินและดูทุกฤดูกาลได้",
		"continue":"ต่อ",
		"wakeupcall":"โทรปลุก",
		"wakeupcalllist":"รายการโทรปลุก",
		"pressentertoedit":"กดตกลงเพื่อแก้ไข / ลบ",
		"setwakeuptime":"ตั้งเวลาปลุก",
		"hour":"ชั่วโมง",
		"hours":"ชั่วโมง",
		"minute":"นาที",
		"minutes":"นาที",
		"month":"นาที",
		"day":"วัน",
		"days":"วัน",
		"reset":"รีเซ็ต",
		"confirmwakeupsave":"บันทึกการโทร Wakeup?",
		"wakeupcallsaved":"โทรปลุกแล้วบันทึกไว้",
		"sucesswakeupmessage" : "เจ้าหน้าที่ของโรงแรมจะติดต่อคุณ",
		"removewakeupcallmessage":"ลบการเรียกขึ้นมาหรือไม่?",
		"remove":"เอาออก",
		"edit":"แก้ไข",
		"ambiance":"บรรยากาศ",
		"viewbill":"ดูบิล",
		"amount":"จำนวน",
		"datepurchased":"วันที่ซื้อ",
		"destination":"ปลายทาง",
		"traveloption":"ตัวเลือกการเดินทาง",
		"dateavailed":"วันที่ซื้อ",
		"clock":"นาฬิกา",
		"noavailablecountry":"ไม่มีประเทศที่พร้อมใช้งาน",
		"servicecategories":"หมวดหมู่บริการ",
		"availedservices":"บริการของฉัน",
		"noavailedservices":"ไม่มีบริการที่ได้รับ",
		"service":"บริการ",
		"confirmavailservice":"คุณแน่ใจหรือไม่ว่าต้องการซื้อบริการนี้",
		"shallbeaddedtobill":"สิ่งนี้จะถูกเพิ่มลงในใบเสร็จของคุณ",
		"confirm":"ยืนยัน",
		"thankyou":"ขอขอบคุณ",
		"servicesuccessmessage":"พนักงานของโรงแรมจะมาถึงในไม่ช้า",
		"vehiclecategories":"ประเภทรถยนต์",
		"availedvehicles":"ยานพาหนะของฉัน",
		"vehicletype":"ประเภทยานพาหนะ",
		"seater":"ที่นั่ง",
		"select":"เลือก",
		"pickdestination":"เลือกปลายทางของคุณ",
		"wheredoyouwanttogo":"คุณอยากไปที่ไหน?",
		"chauffeurifnoneoftheabove":"สอบถามรายละเอียดเพิ่มเติมได้ที่ บริการลูกค้า",
		"traveltype":"ประเภทการเดินทาง",
		"noavailedvehicle":"ไม่มีรถเช่า",
		"noavailable":"ไม่ว่าง",
		"noavailablevehiclecategory":"ไม่มีหมวดหมู่ที่พร้อมใช้งาน",
		"noavailablevehicle":"ไม่มีรถที่พร้อมใช้งาน",
		"noavailablecity":"ไม่มีเมืองที่พร้อมให้บริการ",
		"noavailabledestination":"ไม่มีปลายทางที่ใช้ได้",
		"spaservice":"บริการสปา",
		"noavailablespa":"ไม่มีบริการสปา",
		"spacategories":"หมวดหมู่สปา",
		"availedspaservice":"บริการสปาของฉัน",
		"noavailedspa":"ไม่ได้รับบริการสปา",
		"availedpromotions":"ข้อเสนอพิเศษของฉัน",
		"noavailedspecialoffer":"ไม่ได้รับข้อเสนอพิเศษ",
		"noavailablespecialoffer":"ไม่มีข้อเสนอพิเศษพิเศษ",
		"specialoffer":"ข้อเสนอพิเศษ",
		"about":"เกี่ยวกับ",
		"mainmenu":"เมนูหลัก",
		"finish":"เสร็จสิ้น",
		"vehicle":"พาหนะ",
		"summary":"สรุป",
		"chauffeursuccessmessage":"มีการทำธุรกรรมของคุณแล้ว",
		"traveltypemessage":"คุณต้องการเดินทางแบบไหน?",
		"thankyoumessage":"ขอขอบคุณที่ได้รับข้อเสนอพิเศษของเราในเวลา จำกัด",
		"relaycontroller":"รีเลย์คอนโทรลเลอร์",
		"allswitch":"สวิตช์ทั้งหมด",
		"devicename":"ชื่ออุปกรณ์",
		"onoff":"เปิดปิด",
		"schedule":"ตารางเวลา",
		"addschedule":"เพิ่มตารางเวลา",
		"editschedule":"แก้ไขกำหนดการ",
		"setdate":"ตั้งวันที่",
		"ampm":"Am/Pm thai",
		"removeschedule":"นำออกกำหนดการ",
		"relaysucesssavemessage":"บันทึกตารางสำเร็จแล้ว",
		"chat":"พูดคุย",
		"selectpreferredlanguage":"เลือกภาษาที่ต้องการ",
		"selectlanguage":"เลือกภาษา",
		"typeamessage":"พิมพ์ข้อความ ...",
		"send":"ส่ง",
		"conversation":"การสนทนา",
        "language":"ภาษา",
        "unreadclient":"ไคลเอ็นต์ที่ยังไม่อ่าน",
        "unreadadmin":"ผู้ดูแลระบบที่ยังไม่ได้อ่าน",
        "conversationmessage":"ข้อความสนทนา",
        "message":"ข่าวสาร",
        "user":"ผู้ใช้งาน",
        "capacity":"ความจุ",
        "chauffeurprice":"คนขับรถราคา",
        "cityplace":"เมือง",
        "onewaytripprice":"ราคาค่าโดยสาร",
        "roundtripprice":"ราคาตั๋วเครื่องบินไปกลับ",
        "chauffeurtransactionline":"สายการทำธุรกรรมของคนขับรถ",
        "chauffeurtransactionprice":"ราคาของผู้ขับขี่",
        "traveltime":"เวลาเที่ยว",
        "distance":"ระยะทาง",
        "country":"ประเทศ",
        "timezone":"เขตเวลา",
        "default":"ค่าเริ่มต้น",
        "extra":"พิเศษ",
        "video":"วีดีโอ",
        "episode":"ตอน",
        "browseseries":"เรียกดูซีรีส์",
        "seriesmediaserver":"ซีรีส์เซิร์ฟเวอร์สื่อ",
        "releasedate":"วันที่เผยแพร่",
        "filmrating":"คะแนนภาพยนตร์",
        "mediadir":"หมายความว่าพูด",
        "drive":"ขับรถ",
        "port":"ท่าเรือ",
        "mediaformat":"รูปแบบสื่อ",
        "format":"รูป",
        "mediaserver":"เซิร์ฟเวอร์มีเดีย",
        "filebrowseapi":"API ไฟล์เรียกดู",
        "isactive":"ใช้งานอยู่",
        "movietransactionline":"สายการทำธุรกรรมภาพยนตร์",
        "seriestransactionline":"สายการทำธุรกรรม",
        "housekeepingtransactionline":"แม่บ้านสายการทำธุรกรรม",
        "action":"การกระทำ",
        "position":"ตำแหน่ง",
        "excludemobile":"ยกเว้นโทรศัพท์มือถือ",
        "excludetv":"ไม่รวมทีวี",
        "notification":"การแจ้งเตือน",
        "notificationtype":"ประเภทการแจ้งเตือน",
        "acknowledged":"ที่ยอมรับ",
        "promo":"โปรโมชั่น",
        "relay":"ถ่ายทอด",
        "relaybrand":"รีเลย์แบรนด์",
        "relayschedule":"กำหนดการถ่ายทอดข้อมูล",
        "relaypin":"พินรีเลย์",
        "datetime":"วันเวลา",
        "state":"สถานะ",
        "relaydevice":"อุปกรณ์รีเลย์",
        "relaydevicecategory":"ประเภทอุปกรณ์รีเลย์",
        "relaydevicelocation":"ตำแหน่งอุปกรณ์รีเลย์",
        "pin":"หมุด",
        "location":"ที่ตั้ง",
        "spatransactionline":"สายการทำธุรกรรมสปา",
        "specialofferimage":"ภาพข้อเสนอพิเศษ",
        "specialoffertransaction":"ข้อเสนอพิเศษ",
        "symbol":"สัญลักษณ์",
        "device":"เครื่อง",
        "devicetype":"ประเภทอุปกรณ์",
        "size":"ขนาด",
        "order":"ใบสั่ง",
        "isdefault":"เป็นค่าเริ่มต้น",
        "advertisement":"การโฆษณา",
        "suggested":"ข้อเสนอแนะ",
        "menuitemsize":"ขนาดรายการเมนู",
        "menuitemcomponent":"องค์ประกอบรายการเมนู",
        "component":"ส่วนประกอบ",
        "canchange":"สามารถเปลี่ยนได้",
        "canupsize":"สามารถเพิ่มขนาดได้",
        "menuitemingredient":"ส่วนผสมรายการเมนู",
        "ingredient":"ส่วนผสม",
        "isrequired":"จำเป็น",
        "menuitemtimedordering":"รายการเมนูหมดเวลาสั่งซื้อ",
        "fromtime":"จากเวลา",
        "totime":"ถึงเวลา",
        "menuiteminventory":"คลังรายการในเมนู",
        "inventoryitem":"รายการสินค้าคงคลัง",
        "unitofmeasure":"หน่วยวัด",
        "menuitemspecialrequest":"คำขอพิเศษรายการเมนู",
        "exclusive":"พิเศษ",
        "optional":"ไม่จำเป็น",
        "translate":"แปลความ",
        "text":"ข้อความ",
        "allergy":"โรคภูมิแพ้",
        "createtime":"สร้างเวลา",
        "ordertype":"ประเภทการสั่งซื้อ",
        "ordersource":"แหล่งสั่งซื้อ",
        "total":"ทั้งหมด",
        "change":"เปลี่ยนแปลง",
        "headcount":"จำนวนพนักงาน",
        "seniorcount":"นับอาวุโส",
        "isservicechargevated":"มีการคิดค่าบริการแล้ว",
        "paid":"ต้องจ่าย",
        "totalseniordiscount":"ส่วนลดรวมทั้งหมด",
        "totalpwddiscount":"รวมส่วนลด PWD",
        "totalregulardiscount":"ส่วนลดปกติรวม",
        "billouttime":"เวลาเรียกเก็บเงิน",
        "overallsubtotal":"มากกว่าผลรวมย่อยทั้งหมด",
        "expirationdate":"วันหมดอายุ",
        "relatedorder":"คำสั่งที่เกี่ยวข้อง",
        "vatexcepmtsc":"VAT ได้รับการยกเว้นค่าบริการแล้ว",
        "scnetsales":"ค่าบริการรายได้สุทธิ",
        "regularsales":"ขายประจำ",
        "deductiondueto":"หักจาก",
        "deliverycharge":"ค่าจัดส่ง",
        "orderitem":"รายการสั่งซื้อ",
        "unitprice":"ราคาต่อหน่วย",
        "addonprice":"เพิ่มราคา",
        "remarks":"หมายเหตุ",
        "specialrequest":"คำขอพิเศษ",
        "ordertime":"เวลาสั่งซื้อ",
        "servedtime":"เสิร์ฟเวลา",
        "preparedtime":"เตรียมเวลา",
        "orderitemcomponent":"องค์ประกอบรายการสั่งซื้อ",
        "additionalprice":"ราคาเพิ่มเติม",
        "orderitemcomponentallergies":"องค์ประกอบของรายการสั่งซื้ออาการแพ้",
        "categories":"หมวดหมู่",
        "availeditems":"รายการของฉัน",
        "item":"ชิ้น",
		"ordersuccessmessage":"สั่งซื้อได้สำเร็จ",
		"avail":"ซื้อ",
		"store":"เก็บ",
		"notransaction":"ไม่มีธุรกรรม",
		"selectdestination":"เลือกปลายทาง",
		"selecthourlyrate":"เลือกอัตรารายชั่วโมง",
		"choosehourlyrate":"เลือกจำนวนชั่วโมง",
		"howlong":"นานแค่ไหน",
		"noofhours":"ไม่กี่ชั่วโมง",
		"details":"รายละเอียด",
		"noavailablecopy":"ไม่มีสำเนาที่มีอยู่",
		"internalerror":"เกิดข้อผิดพลาดภายใน",
		"onceyouorder":"เมื่อยืนยันแล้วคำสั่งซื้อของคุณจะไม่สามารถเปลี่ยนแปลงหรือคืนเงินได้ คุณต้องการสั่งซื้อ / s ตอนนี้หรือไม่?",
		"invoice":"ใบแจ้งหนี้",
		"maindetails":"รายละเอียดหลัก",
		"guestname":"ชื่อแขก",
		"package":"บรรจุภัณฑ์",
		"totalbill":"ค่าทั้งหมด",
		"billbreakdown":"รายละเอียดการเรียกเก็บเงิน",
		"notifications":"การแจ้งเตือน",
		"callservice":"บริการโทรศัพท์",
		"requestcall":"ขอเรียก",
		"requestinroomservice":"ขอบริการห้องพัก",
		"requestcallresponse":"เจ้าหน้าที่บริการแขกของเราจะติดต่อคุณในอีกสักครู่",
		"requestinroomserviceresponse":"เจ้าหน้าที่บริการแขกของเราจะได้รับความพึงพอใจในอีกสักครู่",
		"checkout":"เช็คเอาท์",
		"checkoutmessage":"คุณแน่ใจหรือไม่ว่าต้องการชำระเงิน",
		"extendstay":"พขยายเวลาพัก",
		"daysand":"วัน (s) และ",
		"timeremaining":"เวลาที่เหลืออยู่",
		"howmanyhoursdoyouwantoextend":"คุณต้องการขยายเวลา / กี่ชั่วโมง?",
		"extendstayrequestwasacceptedthankyou":"ขยายคำขอเข้าพักเรียบร้อยแล้วขอบคุณมาก",
		"sorryextendstayrequestwasrejected":"ขออภัยคำขอเข้าพักขยายถูกปฏิเสธ",
		"wasacceptedthankyou":"ได้รับการยอมรับแล้วขอบคุณมาก",
		"Sorry":"ขอโทษ",
		"personneliscurrentlynotavailable":"ปัจจุบันบุคลากรยังไม่พร้อมให้บริการ",
		"invalidnotifid":"รหัสการแจ้งเตือนไม่ถูกต้อง",
		"accepted":"ได้รับการยืนยัน",
		"rejected":"ปฏิเสธ",
		"areyousureyyouwanttocheckout":"แน่ใจหรือไม่ว่าคุณต้องการเช็คเอาท์",
		"next":"ต่อไป",
		"Step":"ขั้นตอน",
		"of":"ของ",
		"setupwizard":"วิซาร์ดการตั้งค่า",
		"hotelsetupwizard":"ตัวช่วยสร้างการตั้งค่าโรงแรม",
		"hotelsetup":"การตั้งค่าโรงแรม",
		"setupyourdigiButlerinjustafewminutes":"ตั้งค่า DigiButler ของคุณภายในเวลาเพียงไม่กี่นาที",
		"hotellogo":"โลโก้โรงแรม",
		"hotelbackgroundimage":"ภาพพื้นหลังของโรงแรม",
		"roompackagesetupwizard":"ตัวช่วยสร้างการตั้งค่าแพ็คเก็จห้อง",
		"packagename":"ชื่อแพ็กเกจ",
		"mealsetupwizard":"ตัวช่วยสร้างการตั้งค่าอาหาร",
		"appetizers":"อาหารทานเล่น",	
		"cocktails":"เครื่องดื่มค็อกเทล",	
		"breakfast&snack":"อาหารเช้าและขนมขบเคี้ยว",
		"champagne":"แชมเปญ",	
		"entree":"การเข้า",	
		"coffee":"การเข้า",	
		"sandwiches":"แซนวิช",
		"whiskeys":"วิสกี้",	
		"salads":"สลัด",	
		"hottea":"ชาร้อน",	
		"wines":"ไวน์",
		"beer":"เบียร์",	
		"noodlesandrice":"ก๋วยเตี๋ยวและข้าว",	
		"juices":"น้ำผลไม้",	
		"rum":"รัม",
		"incanrefreshments":"ในเครื่องดื่มที่สามารถ",	
		"Desserts":"ของหวาน",	
		"smoothies":"สมูทตี้",	
		"vodka":"วอดก้า",
		"cognacandbrandy":"คอนญักและบรั่นดี",
		"mealname":"ชื่อมื้ออาหาร",
		"mealdescriptionoptional":"คำอธิบายมื้ออาหาร (ไม่บังคับ)",
		"mealprice":"ราคาอาหาร",
		"mealimageoptional":"รูปภาพอาหาร (ไม่บังคับ)",
		"mealcategory":"ประเภทอาหาร",
		"skip":"ข้าม",
		"housekeepingsetupwizard":"ตัวช่วยสร้างการตั้งค่าทำความสะอาด",
		"housekeepingsetup":"การตั้งค่าทำความสะอาด",
		"cleanroom":"ทำความสะอาดห้อง",
		"laundrypickup":"บริการซักรีด",
		"ironing":"รีดผ้า",
		"turndownservice" :"บริการเปิดเตียง",
		"afterswimming":"หลังจากว่ายน้ำ",
		"traypickup":"ถาดกระบะ",
		"spasetupwizard":"ตัวช่วยสร้างการตั้งค่าสปา",
		"spaservicesetup":"การตั้งค่าบริการสปา",
		"spaservicename":"ชื่อบริการสปา",
		"spaimageoptional":"รูปภาพสปา (ไม่บังคับ)",
		"chauffeursetupwizard":"ตัวช่วยสร้างการตั้งคนขับรถ",
		"chauffeursetup":"การเตรียมคนขับรถ",
		"chauffeurcategories":"คนขับรถ",
		"midsizeeconomy":"เศรษฐกิจขนาดกลาง",
		"fullsizeeconomy":"เศรษฐกิจเต็มรูปแบบ",
		"Midsizeluxury":"หรูหราขนาดกลาง",
		"Luxury":"หรูหรา",
		"vehiclename":"ชื่อรถยนต์",
		"chauffeurimageoptional":"ภาพคนขับรถ (ไม่บังคับ)",
		"specialofferssetupwizard":"วิซาร์ดการตั้งค่าพิเศษ",
		"specialofferssetup":"ข้อเสนอพิเศษการตั้งค่า",
		"offername":"่อข้อเสนอพิเศษ",
		"offerbannerimage":"ภาพแบนเนอร์ข้อเสนอ",
		"shopsetupwizard":"วิซาร์ดการตั้งค่าร้านค้า",
		"shopsetup":"ตั้งค่าร้านค้า",
		"storename":"ชื่อร้าน",
		"storeimage":"เก็บรูปภาพ",
		"insertthreecategories":"แทรก 3 หมวดหมู่",
		"firstcategory":"หมวดที่ 1",
		"firstcategoryimage":"ภาพหมวดที่ 1",
		"secondcategory":"หมวดหมู่ที่ 2",
		"secondcategoryimage":"ภาพหมวดหมู่ที่ 2",
		"thirdcategory":"หมวดหมู่ที่ 3",
		"thirdcategoryimage":"ภาพหมวดหมู่ที่สาม",
		"itemnameone":"ชื่อรายการ 1",
		"itemprice":"ราคาสินค้า",
		"shopcategory":"หมวดหมู่ของร้านค้า",
		"itemimageone":"ภาพรายการ 1",
		"moviesetupwizard":"วิซาร์ดการตั้งค่าภาพยนตร์",
		"royaltyfreemovies":"ภาพยนตร์ฟรี Royalty",
		"seriessetupwizard":"ชุดตัวช่วยสร้างการตั้งค่า",
		"royaltyfreeseries":"ชุดของขวัญ Royalty Free"
	}
}
